Samsung QE43Q60R,4799,2019-09-13 14:16:06.870050
Samsung UE43RU7105,3695,2019-09-13 14:16:07.561208
Samsung UE43RU7415,4499,2019-09-13 14:16:07.365948
Samsung UE43RU7475,4999,2019-09-13 14:16:07.084209
Samsung QE43Q60R,4799,2019-09-13 14:20:16.814441
Samsung UE43RU7105,3695,2019-09-13 14:20:17.468552
Samsung UE43RU7415,4499,2019-09-13 14:20:17.241417
Samsung UE43RU7475,4999,2019-09-13 14:20:16.979458
Samsung QE43Q60R,4799,2019-09-13 14:28:01.674424
Samsung UE43RU7105,3695,2019-09-13 14:28:02.362275
Samsung UE43RU7415,4499,2019-09-13 14:28:02.134419
Samsung UE43RU7475,4999,2019-09-13 14:28:01.888878
Samsung QE43Q60R,4799,2019-09-13 15:58:31.847319
Samsung UE43RU7105,3695,2019-09-13 15:58:32.504680
Samsung UE43RU7415,4499,2019-09-13 15:58:32.259184
Samsung UE43RU7475,4999,2019-09-13 15:58:32.043726
Samsung QE43Q60R,4799,2019-09-13 20:41:47.303257
Samsung UE43RU7105,3695,2019-09-13 20:41:49.025577
Samsung UE43RU7415,4499,2019-09-13 20:41:48.462675
Samsung UE43RU7475,4999,2019-09-13 20:41:47.873987
Samsung QE43Q60R,4799,2019-09-13 20:44:11.460491
Samsung UE43RU7105,3695,2019-09-13 20:44:14.493892
Samsung UE43RU7415,4499,2019-09-13 20:44:13.482472
Samsung UE43RU7475,4999,2019-09-13 20:44:12.346564
Samsung QE43Q60R,4799,2019-09-13 20:44:20.651968
Samsung UE43RU7105,3695,2019-09-13 20:44:22.271959
Samsung UE43RU7415,4499,2019-09-13 20:44:21.677826
Samsung UE43RU7475,4999,2019-09-13 20:44:21.137545
Samsung QE43Q60R,4799,2019-09-13 21:29:03.751312
Samsung UE43RU7105,3695,2019-09-13 21:29:05.223453
Samsung UE43RU7415,4499,2019-09-13 21:29:04.800205
Samsung UE43RU7475,4999,2019-09-13 21:29:04.288972
Samsung QE43Q60R,4799,2019-09-13 21:29:39.269584
Samsung UE43RU7105,3695,2019-09-13 21:29:40.566679
Samsung UE43RU7415,4499,2019-09-13 21:29:40.186072
Samsung UE43RU7475,4999,2019-09-13 21:29:39.773951
Samsung QE43Q60R,4799,2019-09-13 21:30:00.449939
Samsung UE43RU7105,3695,2019-09-13 21:30:03.327976
Samsung UE43RU7415,4499,2019-09-13 21:30:02.943876
Samsung UE43RU7475,4999,2019-09-13 21:30:02.312696
Samsung QE43Q60R,4799,2019-09-13 21:31:04.321067
Samsung UE43RU7105,3695,2019-09-13 21:31:05.730571
Samsung UE43RU7415,4499,2019-09-13 21:31:05.235082
Samsung UE43RU7475,4999,2019-09-13 21:31:04.785611
Samsung QE43Q60R,4799,2019-09-13 21:39:24.786207
Samsung UE43RU7105,3695,2019-09-13 21:39:26.318991
Samsung UE43RU7415,4499,2019-09-13 21:39:25.882165
Samsung UE43RU7475,4999,2019-09-13 21:39:25.331393
